split,image,width,height,megapixels,brightness,sharpness,read_error,flag_blur,flag_dark,flag_overexposed,flag_low_resolution,review_required,refinement_decision,lighting_group
train,20230614_150814ll.jpg,3000,4000,12.0,127.18612308333333,1124.8241156798001,False,False,False,False,False,False,RETAIN,Normal
train,20230614_150819ll.jpg,3000,4000,12.0,151.54661433333334,250.78875121089493,False,False,False,False,False,False,RETAIN,Normal
train,20230614_150826ll.jpg,3000,4000,12.0,164.68114858333334,99.726128023104,False,False,False,False,False,False,RETAIN,Normal
train,20230614_150831ll.jpg,3000,4000,12.0,132.0133255,511.22549020963254,False,False,False,False,False,False,RETAIN,Normal
train,20230614_150847ll.jpg,3000,4000,12.0,115.84139925,2187.000609570621,False,False,False,False,False,False,RETAIN,Normal
train,20230614_150849ll.jpg,3000,4000,12.0,112.54879541666666,1993.1242780867121,False,False,False,False,False,False,RETAIN,Normal
train,20230614_150920ll.jpg,3000,4000,12.0,139.902772,1829.3236762459144,False,False,False,False,False,False,RETAIN,Normal
train,20230614_150923ll.jpg,3000,4000,12.0,112.79167566666666,556.2813954568745,False,False,False,False,False,False,RETAIN,Normal
train,20230614_150924ll.jpg,3000,4000,12.0,119.28831083333333,570.7725057123453,False,False,False,False,False,False,RETAIN,Normal
train,20230614_150927ll.jpg,3000,4000,12.0,132.27479633333334,1259.4359304155746,False,False,False,False,False,False,RETAIN,Normal
train,20230614_150935ll.jpg,3000,4000,12.0,123.34534433333333,2323.404363318245,False,False,False,False,False,False,RETAIN,Normal
train,20230614_150939ll.jpg,3000,4000,12.0,120.05578175,1203.0657559832787,False,False,False,False,False,False,RETAIN,Normal
train,20230614_150941ll.jpg,3000,4000,12.0,132.68178758333335,528.909317749858,False,False,False,False,False,False,RETAIN,Normal
train,20230614_150945ll.jpg,3000,4000,12.0,121.46436241666666,115.00646697375599,False,False,False,False,False,False,RETAIN,Normal
train,20230614_150947ll.jpg,3000,4000,12.0,124.95144425,204.18262606806047,False,False,False,False,False,False,RETAIN,Normal
train,20230614_150948ll.jpg,3000,4000,12.0,118.55014225,230.01021216619722,False,False,False,False,False,False,RETAIN,Normal
train,20230614_150950ll.jpg,3000,4000,12.0,128.84746,339.7260795448656,False,False,False,False,False,False,RETAIN,Normal
train,20230614_150952ll.jpg,3000,4000,12.0,142.72589566666667,108.36674865250568,False,False,False,False,False,False,RETAIN,Normal
train,20230614_151016ll.jpg,3000,4000,12.0,140.19188875,40.00658191660399,False,True,False,False,False,True,RETAIN - difficult sample reviewed,Normal
train,20230614_151211ll.jpg,3000,4000,12.0,125.44099791666666,76.661447499879,False,False,False,False,False,False,RETAIN,Normal
train,20230614_151232ll.jpg,3000,4000,12.0,111.254572,197.05345524815817,False,False,False,False,False,False,RETAIN,Normal
train,20230614_151233ll.jpg,3000,4000,12.0,138.69592491666666,66.83840913336041,False,False,False,False,False,False,RETAIN,Normal
train,20230614_151235ll.jpg,3000,4000,12.0,160.051906,105.18380933662482,False,False,False,False,False,False,RETAIN,Normal
train,20230614_151244ll.jpg,3000,4000,12.0,136.49899675,38.78379286983049,False,True,False,False,False,True,RETAIN - difficult sample reviewed,Normal
train,20230614_151249ll.jpg,3000,4000,12.0,131.968531,75.75187765707331,False,False,False,False,False,False,RETAIN,Normal
train,20230619_182712ll.jpg,3000,4000,12.0,117.7663195,158.57869297194378,False,False,False,False,False,False,RETAIN,Normal
train,20230620_155828ll.jpg,3000,4000,12.0,120.22420783333334,38.311687663417665,False,True,False,False,False,True,RETAIN - difficult sample reviewed,Normal
train,20230620_155840ll.jpg,3000,4000,12.0,129.031858,268.2582652209013,False,False,False,False,False,False,RETAIN,Normal
train,20230620_160009ll.jpg,3000,4000,12.0,156.32297141666666,575.9169185741653,False,False,False,False,False,False,RETAIN,Normal
train,20230620_160022ll.jpg,3000,4000,12.0,138.95374933333332,51.743346495818216,False,True,False,False,False,True,RETAIN - difficult sample reviewed,Normal
train,20230620_160023ll.jpg,3000,4000,12.0,147.11298858333333,136.89525432007,False,False,False,False,False,False,RETAIN,Normal
train,20230620_160033ll.jpg,3000,4000,12.0,150.43563316666666,576.4542798979204,False,False,False,False,False,False,RETAIN,Normal
train,20230620_160035ll.jpg,3000,4000,12.0,157.64111375,152.76150257988178,False,False,False,False,False,False,RETAIN,Normal
train,20230620_160108ll.jpg,3000,4000,12.0,132.88869983333333,2365.6479592867495,False,False,False,False,False,False,RETAIN,Normal
train,20230620_160111ll.jpg,3000,4000,12.0,137.69673358333333,212.24659815686567,False,False,False,False,False,False,RETAIN,Normal
train,20230620_160116ll.jpg,3000,4000,12.0,127.77510591666666,318.91438127232436,False,False,False,False,False,False,RETAIN,Normal
train,20230620_160124ll.jpg,3000,4000,12.0,116.55333058333333,283.64024194327664,False,False,False,False,False,False,RETAIN,Normal
train,20230620_160125ll.jpg,3000,4000,12.0,122.62197291666666,187.30213016269767,False,False,False,False,False,False,RETAIN,Normal
train,20230620_160128ll.jpg,3000,4000,12.0,145.0697485,25.118159578491493,False,True,False,False,False,True,RETAIN - difficult sample reviewed,Normal
train,20230620_160143ll.jpg,3000,4000,12.0,113.03855291666666,635.0720194377275,False,False,False,False,False,False,RETAIN,Normal
train,20230620_160148ll.jpg,3000,4000,12.0,168.96662291666667,265.5133470828082,False,False,False,False,False,False,RETAIN,Normal
train,20230620_160205ll.jpg,3000,4000,12.0,148.8812655,913.5484266228054,False,False,False,False,False,False,RETAIN,Normal
train,20230620_160208ll.jpg,3000,4000,12.0,170.64588558333332,1572.2872734949776,False,False,False,False,False,False,RETAIN,Normal
train,20230620_160209ll.jpg,3000,4000,12.0,165.501376,674.6328315534344,False,False,False,False,False,False,RETAIN,Normal
train,20230620_160210ll.jpg,3000,4000,12.0,166.10588841666666,679.8238530535466,False,False,False,False,False,False,RETAIN,Normal
train,20230620_160211ll.jpg,3000,4000,12.0,166.88302366666667,201.3820421390255,False,False,False,False,False,False,RETAIN,Normal
train,20230620_160212ll.jpg,3000,4000,12.0,132.95946766666665,867.6848001079105,False,False,False,False,False,False,RETAIN,Normal
train,20230620_160214ll.jpg,3000,4000,12.0,158.42960641666667,1294.3479870386218,False,False,False,False,False,False,RETAIN,Normal
train,20230620_160217ll.jpg,3000,4000,12.0,151.73331841666666,898.4910017101987,False,False,False,False,False,False,RETAIN,Normal
train,20230620_160218ll.jpg,3000,4000,12.0,154.71258791666668,905.4942894813599,False,False,False,False,False,False,RETAIN,Normal
train,20230620_160221ll.jpg,3000,4000,12.0,148.12528733333335,858.8850448504888,False,False,False,False,False,False,RETAIN,Normal
train,20230620_160245ll.jpg,3000,4000,12.0,147.71754658333333,316.46582209126933,False,False,False,False,False,False,RETAIN,Normal
train,20230620_160253ll.jpg,3000,4000,12.0,162.26156858333334,178.713579335975,False,False,False,False,False,False,RETAIN,Normal
train,20230620_160300ll.jpg,3000,4000,12.0,155.69348458333334,1248.6195725838584,False,False,False,False,False,False,RETAIN,Normal
train,20230620_160304ll.jpg,3000,4000,12.0,137.45146991666667,1522.8548831980797,False,False,False,False,False,False,RETAIN,Normal
train,20230620_160342ll.jpg,3000,4000,12.0,150.93322116666667,1584.8912969298224,False,False,False,False,False,False,RETAIN,Normal
train,20230620_160345ll.jpg,3000,4000,12.0,163.40550733333333,1017.1624856587457,False,False,False,False,False,False,RETAIN,Normal
train,20230620_160351ll.jpg,3000,4000,12.0,163.74234508333333,979.4610988897116,False,False,False,False,False,False,RETAIN,Normal
train,20230620_160353ll.jpg,3000,4000,12.0,137.12150183333333,355.61266022683986,False,False,False,False,False,False,RETAIN,Normal
train,20230620_160402ll.jpg,3000,4000,12.0,154.3158545,222.0256395522105,False,False,False,False,False,False,RETAIN,Normal
train,20230620_160408ll.jpg,3000,4000,12.0,168.857001,48.21716171660243,False,True,False,False,False,True,RETAIN - difficult sample reviewed,Normal
train,20230620_160419ll.jpg,3000,4000,12.0,147.62788233333333,168.33457613377584,False,False,False,False,False,False,RETAIN,Normal
train,20230620_160431ll.jpg,3000,4000,12.0,144.63982441666667,403.5177260801317,False,False,False,False,False,False,RETAIN,Normal
train,20230620_160435ll.jpg,3000,4000,12.0,126.75484233333333,219.14311782800436,False,False,False,False,False,False,RETAIN,Normal
train,20230620_160517ll.jpg,3000,4000,12.0,142.96031983333333,118.19415388417661,False,False,False,False,False,False,RETAIN,Normal
train,20230620_160522ll.jpg,3000,4000,12.0,146.32653225,55.202708549507996,False,True,False,False,False,True,RETAIN - difficult sample reviewed,Normal
train,20230620_160525ll.jpg,3000,4000,12.0,132.72093316666667,439.73757716648436,False,False,False,False,False,False,RETAIN,Normal
train,20230620_160930ll.jpg,3000,4000,12.0,153.17903325,1252.2707034319978,False,False,False,False,False,False,RETAIN,Normal
train,20230620_161001ll.jpg,3000,4000,12.0,150.58104208333333,762.3484559820531,False,False,False,False,False,False,RETAIN,Normal
train,20230620_161003ll.jpg,3000,4000,12.0,159.58733141666667,436.31645474976744,False,False,False,False,False,False,RETAIN,Normal
train,20230620_161019ll.jpg,3000,4000,12.0,135.49759291666666,331.85975616278125,False,False,False,False,False,False,RETAIN,Normal
train,20230620_161021ll.jpg,3000,4000,12.0,158.10502308333332,287.7471982737974,False,False,False,False,False,False,RETAIN,Normal
train,20230620_161023ll.jpg,3000,4000,12.0,137.33937941666667,147.96387972747502,False,False,False,False,False,False,RETAIN,Normal
train,20230620_161026ll.jpg,3000,4000,12.0,144.226855,137.32083263207065,False,False,False,False,False,False,RETAIN,Normal
train,20230620_161029ll.jpg,3000,4000,12.0,156.87983675,344.33317490043163,False,False,False,False,False,False,RETAIN,Normal
train,20230620_161031ll.jpg,3000,4000,12.0,158.9076705,239.87486408040834,False,False,False,False,False,False,RETAIN,Normal
train,20230620_161043ll.jpg,3000,4000,12.0,155.27398308333332,542.866884662864,False,False,False,False,False,False,RETAIN,Normal
train,20230620_161046ll.jpg,3000,4000,12.0,146.20154808333334,1233.5470770764582,False,False,False,False,False,False,RETAIN,Normal
train,20230620_161048ll.jpg,3000,4000,12.0,156.36142358333333,715.7673116615782,False,False,False,False,False,False,RETAIN,Normal
train,20230620_161052ll.jpg,3000,4000,12.0,159.20822641666666,518.8482239094841,False,False,False,False,False,False,RETAIN,Normal
train,20230620_161057ll.jpg,3000,4000,12.0,130.59872308333334,536.4548186659993,False,False,False,False,False,False,RETAIN,Normal
train,20230620_161103ll.jpg,3000,4000,12.0,136.31742525,306.30152333277323,False,False,False,False,False,False,RETAIN,Normal
train,20230620_161110ll.jpg,3000,4000,12.0,130.31014408333334,176.89934849394197,False,False,False,False,False,False,RETAIN,Normal
train,20230620_161115ll.jpg,3000,4000,12.0,125.32438958333333,912.2085087271232,False,False,False,False,False,False,RETAIN,Normal
train,20230620_161122ll.jpg,3000,4000,12.0,136.72069091666665,485.2247409397297,False,False,False,False,False,False,RETAIN,Normal
train,20230620_161129ll.jpg,3000,4000,12.0,132.07930291666668,758.6511182264123,False,False,False,False,False,False,RETAIN,Normal
train,20230620_161134ll.jpg,3000,4000,12.0,131.90646166666667,231.5120345640532,False,False,False,False,False,False,RETAIN,Normal
train,20230620_161140ll.jpg,3000,4000,12.0,131.47011,1134.6965926646715,False,False,False,False,False,False,RETAIN,Normal
train,20230620_161145ll.jpg,3000,4000,12.0,135.592114,924.600115312771,False,False,False,False,False,False,RETAIN,Normal
train,20230620_161150ll.jpg,3000,4000,12.0,158.06098558333332,150.7534353888611,False,False,False,False,False,False,RETAIN,Normal
val,20230614_150823ll.jpg,3000,4000,12.0,142.13264216666667,601.5786543332266,False,False,False,False,False,False,RETAIN,Normal
val,20230614_150932ll.jpg,3000,4000,12.0,128.43175391666668,1760.4490523280529,False,False,False,False,False,False,RETAIN,Normal
val,20230614_150959ll.jpg,3000,4000,12.0,148.55251075,301.31601841198585,False,False,False,False,False,False,RETAIN,Normal
val,20230620_160047ll.jpg,3000,4000,12.0,158.45437791666666,129.039799245455,False,False,False,False,False,False,RETAIN,Normal
val,20230620_160054ll.jpg,3000,4000,12.0,106.71107858333333,148.77565362538996,False,False,False,False,False,False,RETAIN,Normal
val,20230620_160109ll.jpg,3000,4000,12.0,122.38880066666667,1319.9098494956681,False,False,False,False,False,False,RETAIN,Normal
val,20230620_160150ll.jpg,3000,4000,12.0,158.15076191666665,327.01326082108625,False,False,False,False,False,False,RETAIN,Normal
val,20230620_160222ll.jpg,3000,4000,12.0,149.247829,1022.1346361539809,False,False,False,False,False,False,RETAIN,Normal
val,20230620_160338ll.jpg,3000,4000,12.0,131.65929825,2766.745909182539,False,False,False,False,False,False,RETAIN,Normal
val,20230620_160513ll.jpg,3000,4000,12.0,158.14912975,156.6331169046216,False,False,False,False,False,False,RETAIN,Normal
val,20230620_160530ll.jpg,3000,4000,12.0,128.56599566666668,276.887662097835,False,False,False,False,False,False,RETAIN,Normal
val,20230620_161015ll.jpg,3000,4000,12.0,150.29285258333334,250.305117860871,False,False,False,False,False,False,RETAIN,Normal
val,20230620_161149ll.jpg,3000,4000,12.0,156.04802808333332,415.9305484995233,False,False,False,False,False,False,RETAIN,Normal
test,20230614_151238ll.jpg,3000,4000,12.0,132.53290716666666,85.68638033028998,False,False,False,False,False,False,RETAIN,Normal
test,20230614_151246ll.jpg,3000,4000,12.0,128.59886408333332,38.49795465363263,False,True,False,False,False,True,RETAIN - difficult sample reviewed,Normal
test,20230620_160118ll.jpg,3000,4000,12.0,122.91887683333333,97.63861890664998,False,False,False,False,False,False,RETAIN,Normal
test,20230620_160204ll.jpg,3000,4000,12.0,169.52531675,886.5934723021045,False,False,False,False,False,False,RETAIN,Normal
test,20230620_160215ll.jpg,3000,4000,12.0,155.16468541666666,1488.2272870983372,False,False,False,False,False,False,RETAIN,Normal
test,20230620_160337ll.jpg,3000,4000,12.0,130.65129975,2422.8561521068864,False,False,False,False,False,False,RETAIN,Normal
test,20230620_160339ll.jpg,3000,4000,12.0,142.65608691666668,1555.7316038824724,False,False,False,False,False,False,RETAIN,Normal
test,20230620_160454ll.jpg,3000,4000,12.0,175.48952175,209.48182115404788,False,False,False,False,False,False,RETAIN,Normal
test,20230620_160735ll.jpg,3000,4000,12.0,170.70480166666667,1615.417987198032,False,False,False,False,False,False,RETAIN,Normal
test,20230620_160946ll.jpg,3000,4000,12.0,132.54650183333334,1029.8903042732654,False,False,False,False,False,False,RETAIN,Normal
test,20230620_161050ll.jpg,3000,4000,12.0,153.36047825,189.73221337456596,False,False,False,False,False,False,RETAIN,Normal
test,20230620_161104ll.jpg,3000,4000,12.0,131.54519266666668,331.4916181744208,False,False,False,False,False,False,RETAIN,Normal
